Location,Name,count
"Noble, Franklin, Milton Sts",American Playground,56
BAY PKWY & CROPSEY AVENUE,Bensonhurst Park,18
DUMONT AVE & BRISTOL ST,Betsy Head Memorial Playground,23
BROOKLYN AVE & PROSPECT PL,Brower Park,24
BROOKLYN AVE & PROSPECT PL,Brower Park,22
KNICKERBOCKER ST ENTRANCE,Maria Hernandez Park,74
IRVING AVE ENTRANCE,Maria Hernandez Park,83
"Knickerbocker, Putnam Aves, Woodbine St",Bushwick Playground,52
"E. 92 ST, SEAVIEW AVE",Dinapoli Playground,4
"Carroll, Court, President, Smith Sts",Carroll Park,81
"Park Ave, Navy St, Flushing Ave, N Eliot Pl",Commodore Barry Park,7
"Lynch, Middleton Sts, Lee Ave",Middleton Playground,9
"Lafayette Ave, E/o Malcolm X Blvd",Lafayette Playground,26
"SHARON & OLIVE STS,MORGAN AVE",Carnegie Playground,8
"Fulton, Cumberland Sts, Greene Ave",Cuyler Gore,96
CROPSEY & BAY 8,Bay 8 Playground,0
14 AVE & 86 ST,Dyker Playground,42
MYRTLE AVE & ST EDWARDS PLAZA,Fort Greene Playground,38
DEKALB AVE & CUMBERLAND ST,Fort Greene Park,87
18 AVE & 56 ST,Gravesend Park,83
"Commercial, Franklin, Dupont Sts",Greenpoint Park,26
"Knickerbocker, Wilson Aves, Weirfield, Halsey Sts",Irving Square Park,25
"Congress, Columbia, Pacific, Hicks Sts",Van Voorhees Park,33
"Ave S, E 14 & E 8 Sts",Wm E Kelly Memorial Park,8
"4TH AVE TO CS ADJ 5TH AVE, BTWN 66TH AND 67TH STREET",Leif Ericson Park,7
"7TH AV (EAST SIDE OF HIGHWAY) TO 8TH AVE, 66TH TO 67TH STREET",Leif Ericson Park,5
"8TH AVE TO FT HAMILTON PKWY, BTWN 66TH AND 67TH STREET",Leif Ericson Park,8
"ROCHESTER AVE, CARROLL ST",Lincoln Terrace Park / Arthur S. Somers Playground,38
"Montrose Ave, Boerum, Lorimer, Leonard Sts",Sternberg Park,43
"Dumont, Blake, Miller Aves, Bradford St",Dr Martin Luther King Jr Park,14
"FILLMORE AVE, MADISON PL",Ps 278 Playground,8
S/O AVE U & E 38 ST,Lenape  Playground,1
GERRITSEN AVE & AVE X,Dr John's Playground,3
"LORIMER ST, DRIGGS AVE",Vincent V Abate Playground,74
"73-75 STS, FT HAMILTON PKWY",Mckinley Park,6
"Tillary St, Jay St, Cathedral Pl, Bridge St",Mclaughlin Park,69
"67 ST & COLONIAL RD, NORTH OF B066-02",Owls Head Park,4
"NR ENT @ COLONIAL RD/67 ST, SOUTH OF B066-01",Owls Head Park,4
Parade Place and Parkside Avenue,Detective Dillon Stewart Playground,16
4 ST & PROSPECT PK W,Third St Playground,6
WEST DRIVE OPP GARFIELD PL,Garfield Tot Lot,6
"PROSPECT PK S/W, VANDERBILT ST",Vanderbilt Playground,6
OCEAN AVE & E LAKE DR,Imagination Playground,35
LINCOLN RD & OCEAN AVE,Lincoln Rd Playground,27
11 ST & PROSPECT PARK W,Harmony Playground,12
95 Prospect Park West,Prospect Park,1
"KING, RICHARDS & DWIGHT STS",Coffey Park,35
"Belmont & Pitkins Aves, Vermont & New Jersey Sts",Grace Playground,18
"Macon St, Howard Ave, Halsey St, Saratoga Ave",Saratoga Square Park,27
SURF AVE & 5 ST,Asser Levy Playground,6
95 ST & SHORE ROAD,Vinland Playground,0
79 ST & SHORE RD,79 St Playground,0
6 AVE BET 41 & 44 STS,Sunset Park,3
"W/O TOMPKINS AVE, E/O MARCY AVE",Herbert Von King Park,10
"N/E SIDE TOMPKINS, LAFAYETTE",Herbert Von King Park,15
"Lee & Division Aves, Roebling St",Sobel Green,40
"Atlantic, Howard Aves, Herkimer St",Weeksville Playground,15
"Anthony St, Vandervoort Ave, Cherry St",Sgt William Dougherty Playground,8
E 95 St Bet Aves K & L,Sledge Playground,27
"55 To 56 Sts, 2 Ave",Martin Luther Playground,3
"New Utrecht To 16 Aves, 70 To 71 Sts",Lt Joseph Petrosino Park,9
"AVE P, BAY PKWY, W 12 ST",Seth Low Playground,17
"Classon Ave, Fulton St, Irving Pl",Crispus Attucks Playground,52
Blake & Euclid Aves,Cyprus Hills Playground,13
Park To Myrtle Aves & Taaffe Pl,Taaffe Playground,38
"Ave V, Stillwell Ave, Ave U, W 13 St",Scarangella Playground,12
"Benson Ave, Bay 43 St, Stillwell Ave",Lafayette Playground,10
"Riverdale, Van Sinderen, Livonia, Snediker Aves",Lions' Pride Playground,2
"Bedford Ave, Ave X To Ave Y, E 24 St",Bill Brown Memorial Playground,12
Hopkinson Ave & Marion St,Marion & Hoparkinson Playground,21
"3 To 4 Sts, 4 To 5 Aves",Washington Park,13
"4 To 5 Sts, 4 To 5 Aves",Terrapin Playground,12
NASSUA  AVE BET MONITOR ST & RUSSELL ST,Monsignor Mcgolrick Playground,27
Smith St Bet Luquer & Nelson Sts,St Mary's Playground,35
Smith St Bet Nelson & Huntington Sts,St Mary's Playground,32
Sullivan Pl W/o Nostrand Ave,Dodger Playground,38
"Wythe Ave To Berry St, Grand To S 1 Sts",William Sheridan Playground,120
BAY 44 & CROPSEY AVE,Calvert Vaux,6
"LORRAINE, CLINTON, HENRY STS",Bush Clinton Park,11
Scholes St & Manhattan To Graham Aves,Martinez Playground,88
"Ocean Pkwy, Ave P, E 3 St",Col David Marcus Mem Playground,20
NEPTUNE & BAYVIEW AVES,Leon S Kaiser Playground,7
"Ft Hamilton Pkwy, Prospect Ave, Greenwood Ave",Greenwood Playground,43
"Bushwick Ave, Aberdeen St, Granite St",Rudd Playground,7
"White St, McKibbin St, & Bogart Sts",Gilbert Ramirez Park,31
"Commercial, Dupont & West Sts",Newtown Barge Terminal Playground,16
"Schermerhorn St, 3 Ave, Nevins St",Sixteen Sycamores Playground,165
"Grove To Linden Sts, Central To Wilson Aves",Heckscher Playground,32
"Marcy Ave, Kosciusko St, Lafayette Ave",Banneker Playground,17
Atlantic & Fountain Aves,City Line Park,31
"Bedford Ave & S 9 St, Division Ave",Bedford Playground,77
"Bergen St, Rockaway Ave, Dean St",Ocean Hill Playground,21
"3 Ave, Nevins, Degraw & Douglas Sts",Thomas Greene Playground,10
New York & Clarkson Aves,Rolf Henry Playground,33
"Elton St, Bet New Lots & Hegeman Aves",Elton Playground,10
"Linwood St, New Lots & Hegeman Aves",Linwood Playground,10
"Ave L, E 17 To E 18 Sts",Paul W Kolbert Playground,14
N E Corner 38 St & Dahill Rd,Jessie And Charles Dome Playground,22
"Ft Hamilton Pkwy, 10 Ave, 52 To 53 Sts",Rappaport Playground,16
"W/s Howard Ave, Pacific To Dean Sts",South Pacific Playground,13
"S 3 St, Berry St & Bedford Ave",Berry Playground,124
Sackman To Powell Sts Bet Glenmore & Pitkin Aves,Powell Playground,16
N/s Ave S Bet Bmt & Ps 255,Kelly Playground,3
82 To 83 St At 18 Ave,Garibaldi Playground,5
EASTERN PKWY BETWEEN WASHINGTON AVE & FLATBUSH AVE,Mt Prospect Park,30
Underhill Ave & Prospect Pl,Underhill Playground,75
"42 To 43 Sts, 10 To New Utrecht Aves",Nicholas A. Brizzi Playground,7
"Atlantic Ave, Elton To Linwood Sts",Sperandeo Brothers Playground,23
Shore Pkwy & 17 Ave,Bath Beach Playground,7
"Shore Pkwy To Williams Ct, E 12 St",Homecrest Playground,30
"Havemeyer To Roebling Sts, S 4 To S 5 Sts",La Guardia Playground,158
"S 5 St, Broadway, Havemeyer St",La Guardia Playground South,150
W/s Brighton 2 St At Boardwalk,Brighton Playground,13
"Surf Ave, W 25 To W 27 Sts, Boardwalk",Poseidon Playground,6
"Colonial Rd, 83 To 85 Sts",Russell Pederson Playground,0
"Albany, East New York, Lefferts Aves",Hamilton Metz Field,17
"Ave V, E 13 St & E 14 St",Mellett Playground,44
Stuyvesant Ave & Marion St,Fulton Park East,14
"Ave H, Kings Highway & E 49 St",Sunners Playgournd,9
E 38 St & Ryder St,Sarsfield Playground,12
"Nostrand Ave & Ave P, Kings Highway",Pfc Thomas Norton Mem Playground,14
"Bedford Ave & Gravesend Neck Rd, Ave V, E 24 St",Joe Galapo Playground,29
"64 To 65 Sts, 3 Ave",John Allen Payne Park,1
34 To 35 Sts & 3 Ave,John D'emic Sr Memorial Park,111
"Clinton St, Nelson St, Hamilton Ave",Admiral Playground,27
"Hamilton Ave, Van Brunt & Summit Sts",Harold Ickes Playground,22
"40 & 41 Sts, 3 Ave",Playground Three-forty,111
"46 & 47 Sts, 3 Ave",Ps 1 Playground,1
"W/s Gowanus Pkwy, 81 & 82 Sts",PARK STRIP,1
"FT HAMILTON PKWY, 94-95 STS",John J Carty Park,6
"Campus Rd, E 21 St & Ave H",Hot Spot Tot Lot,4
"STANLEY AVE, LINDEN BLVD",Linden Park,24
"STANLEY AVE, LINDEN BLVD",Linden Park,22
"Decatur,macdonough Sts,m Garvey Blvd, Lewis Ave",Decatur Playground,31
"M Garvey Blvd, Madison To Monroe Sts",Israel Putnam,18
"Myrtle, Nostrand, Marcy Aves",Marcy Playground,17
"Foster Ave & Farragut Rd, E 40 St, Albany Ave",Paerdegat Park,8
"Fulton,truxton Sts, Van Sinderen Ave,eastern Pkwy",Callahan-kelly Playground,10
"Park, Washington Aves To Hall St",Washington Hall Park,48
"Flushing, Steuben St, Bklyn Queens Exwy",Steuben Playground,32
"Bqe Promenade, Pierrepont Pl, Montague St",Pierrepont Playground,39
"Rapelye, Hicks, Coles St",Dimattina Playground,29
"Rapelye To Woodhull, Hicks Sts",Dimattina Playground,37
"Columbia Hts, Middagh, Cranberry & Willow Sts",Harry Chapin Park,39
"Broadway, Rodney, S 5 Sts",Rodney Park Center,115
"Rodney, S 4 & S 5 Sts",Rodney Park North,123
"Rodney, S 3 & S 4 Sts",Rodney Playground South,133
"Rodney, S 3 St",Rodney Playground Center,142
"Borinquen, Rodney & S 1 St",Rodney Playground North,152
"Hope St, Marcy, Metropolitan Aves",Jaime Campiz Playground,152
"Monroe To Madison Sts, Patchen & Ralph Aves",Plce Ofcr Reinaldo Salgado Playground,24
"Atlantic Ave, Herkimer St, Kingston Ave",St Andrew's Playground,35
Rockaway Ave Bet Blake & Dumont Aves,Ps 125 Playground,22
Mother Gaston Blvd & Sutter Av,Dr Richard Green Playground,31
"Hoyt, Wyckoff, Bond Sts",Gowanus Playground,70
Dean To Bergen Sts Bet 6 & Carlton Aves,Dean Playground,94
"Tilden Ave, E 48 To E 49 Sts",Tilden Playground,32
"Ave V, Nostrand & Batchelder Sts",Dolgon Playground,38
Ralph Ave & Farragut Rd,Glenwood Playground,13
"BEDFORD AVE, HANCOCK ST, JEFFERSON AVE",Hancock Playground,54
"Ave Z, Nostrand Ave To E 29 St",Sheepshead Playground,26
"E/s Gold St, Nassau To Concord Sts",Ashford Playground,39
"Mcdonald Ave, Bet Aves S & T",Mcdonald Playground,32
"Troy Ave, Bergen St, Prospect Pl, Schenectady Ave",St Johns Recreation Center,28
TROY AVE & PROSPECT PLACE,St Johns Recreation Center,31
Wortman Ave & Warwick St,Jerome Playground,4
LOUISIANA & FLATLANDS AVE,Breukelen  Playground,7
"Aves H & I, E 54 To E 55 Sts",Fox Playground,9
"Dumont Ave, Powell St",Van Dyke Playground,10
Nostrand & Foster Aves,Nostrand Playground,45
FALMOUTH ST & ORIENTAL AVE,Pat Perlato Playground.,1
MACKENZIE & ORIENTAL AVES,Manhattan Beach Park,3
N/s Ave Z Bet West St & W 1 St,West Playground,16
"Adelphi St, Clermont, Dekalb, Willoughby Aves",Parham Playground,63
S E Corner Brooklyn Ave & Rutland Rd,Wingate Park,15
"S/s Exwy, 5 & 6 Aves, 17 St",Sitting Area,9
"W/s Exwy, 11 Ave To Seeley St At 19 St",Cuite Park,6
"Frost St, Kingsland & Morgan Aves",Frost Playground,14
W/s Ralph Ave Bet Sumpter & Chauncey Sts,Brevoort Playground,18
Lafayette & Washington Aves,Underwood Park,52
Glenmore & Mother Gaston Blvd,Howard Playground & Pool,30
"Livonia Ave, Barbey St & Schenck Ave",Schenck Playground,10
"Tompkins Ave, Halsey & Macon Sts",Macon Playground,32
"M Garvey Blvd, Throop, Park & Myrtle Aves",Sumner Playground,42
"Wilson & Lee Aves, Taylor St, Bedford Ave",Roebling Playground,27
55 & 56 Sts At 6 Ave,Rainbow Park,294
Franklin Ave Bet Willoughby & Dekalb Aves,Star Spangled Playground,48
"Rogers Ave, Winthrop St, Parkside Ave",Parkside Playground,12
"Public Beach, W 29 & W 32 Sts",Nautilus Playground,5
Stuyvesant & Lafayette Aves,Jesse Owens Playground,25
"Linden Blvd, Hegeman & Christopher Aves",Brownsville Rec Center & Playground,3
Ditmas Ave Bet E 91 & E 92 Sts,Ditmas Playground,13
W 11 St & Ave W,Marlboro Playground,8
S/s Seaview Ave Opp E 99 St,Bay View,7
"Shore Pkwy, Brighton 3 St, 4 Rd",Grady Playground,11
Bath Ave Bet Bay 22 & Bay 23 Sts,Benson Playground,138
"Aves J & K, E 100 To E 101 Sts",Wilson Playground,18
"80 To 81 Sts, 11 To 12 Aves",Patrick O?Rourke Park,0
"Pitkin Ave, Drew St, Belmont, N Conduit Aves",Belmont Playground,16
"Sterling St, Empire Blvd & New York Ave",Marc & Jason's Playground,28
Ave D Bet E 56 & E 57 St,Harry Maze Playground,11
Bartlett St & Throop Ave,Bartlett Playground,40
Ave K & Nostrand Ave,Andries Playground,10
6 Ave Bet 18 & 19 Sts,Slope Park,9
Ave N & Utica Ave,Power Playground,23
"Willoughby Ave, Emerson Pl",Pratt Playground,49
Lafayette & Classon Aves,Classon Playground,48
Reid St Bet Chauncey And Marion Sts,Jackie Robinson Park,11
"Flushing Ave, N Portland Ave & N Oxford St",Oxport Playground,10
"Surf Ave, W 8 St To W 12 St",Luna Park Playground,35
"Albemarle Rd, Dahill Rd, Mcdonald Ave",Albemarle Playground,66
"Park Ave, Floyd St, E/o Marcy Ave",Stockton Playground,14
Adelphi & Myrtle Aves,Oracle Playground,63
Greene Ave Bet Waverly & Washington Aves,Greene Playground,55
"Hopkins To Ellery Streets, Tomkins To Throop Aves",Charlie's Place,39
"Lenox Rd, Clarkson Ave, E 93 & E 94 Sts",Kennedy-king Playground,14
"Aves J & K, 103 & 104 Sts",Ave J Playground,1
"Ave Y, Bet Brown & Haring Sts",Ps 286 Playground,13
"Evergreen Ave, Eldert & Covert Sts",Tiger Playground,22
Ave Y Bet Coyle & Batchelder Sts,Yak Playground,14
Stanley Ave & Eldert Lane,Pink Playground,4
"Flushing Ave, Bushwick Ave & Humboldt St",Buswhick Pool,52
"Bushwick Ave, Scholes & Meserole Sts",Ten Eyck Playground,44
"Stanley Ave, Autumn Ave, & Hemlock St",Woodruff Playground,1
"Reid Ave, Macon & Macdonough Sts",El Hajj Malik El Shabazz Playground,18
"Surf Ave, W 25 & W 27 Sts",Surf Playground,7
Mcdonald Ave & Ave F,Digilio Playground,14
Lafayette & Franklin Aves,Lafayette Gardens,54
"Berkeley Pl, Lincoln Pl, 5 & 6 Aves",Park Slope Playground,32
"Dekalb Ave, Adelphi St & Carlton Ave",Edmonds Playground,82
M Garvey Blvd Bet Hart & Pulaski Sts,Pulaski Playground,12
"Monroe St, Tompkins Ave, Madison St & Marcy Ave",Hattie Carthan Playground,16
Ave K Bet E 58 & E 59 Sts,Jacob Joffe Fields,10
Saratoga Ave Bet Herkimer & Fulton Sts,Fish Playground,10
"Congress & Clinton Sts, Verandah Pl",Cobble Hill Park,88
"MILL & STRICKLAND AVES, 60 ST",Lindower,14
Veterans Ave Bet E 68 & E 66 Sts,Hickman Playground,17
Neptune Ave & W 12 St,Neptune Playground,42
"Evergreen Ave & Decatur, Schaefer Sts",Evergreen Playground,16
"Troutman St & Central Ave, Starr St & Wilson Ave",Fermi Playground,59
Flatlands Ave Bet E 81 & E 82 Sts,Bildersee Playground,13
W Brighton Ave Bet W 2 & W 3 Sts,Century Playground,9
"Newport Ave & Thatford Ave, Osborne St",Newport Playground,6
"Flushing Ave & Beaver St, Garden St",Garden Playground,45
"Glenwood Rd, E 100 & E 101 Sts",100% Playground,21
"Linden Blvd & Osborn St, Thatford Ave",Osborn Playground,3
"Wortman Ave, Vermont St, New Jersey Ave",Ethan Allen Playground,21
Manhattan Ave & Leonard St,Ericsson Playground,65
"Ralph Ave, Sumpter St, Howard Ave, Marion St",Carver Playground,19
"Tompkins, Willoughby, Vernon Aves",Willoughby Playground,12
Bath Ave Bet 24 Ave & Bay 37 St,Bath Playground,9
"Classon Ave, Sterling Pl & Park Pl",Elijah Stroud Playground,59
"S/s Foster Ave, E 81 & E 82 Sts",Curtis Park,11
"Ave T, Ave N, E 71 & E 72 Sts",Bergen Beach Playground,4
"N/s Pacific St, Bet Nevins St & 3 Ave",North Pacific Playground,143
"Sullivan Pl, Franklin Ave, Montgomery St",Jackie Robinson Playground,26
Harrison Ave Bet Walton & Lorimer Sts,Eugenio Maria De Hostos Playground,16
"Lewis, Dekalb & Stuyvesant Aves, Kosciusko St",Eleanor Roosevelt Playground,32
"Remsen Ave, Glenwood Rd, E 92 St, Bay View Pl",Remsen Playground,5
"Warren, Smith, Hoyt & Baltic Sts",Boerum Park,112
"Chester St, Sutter Ave, Bristol St, Pitkin Ave",Chester Playground,27
"Powell St & Liberty Ave, Sackman St, Glenmore Ave",Houston Playground,15
"Bergen St & Utica Ave, Rochester & St Marks Ave",Woods Playground,19
"E 45-e 46 Sts, Glenwood To Farragut Rds",Chiarantano Fields,8
"Belmont, Sutter, Sheridan & Grant Aves",Robert Venable Park,18
Broadway Bet Granite & Aberdeen Sts,Thomas Boyland Park,18
Clymer St Bet Wythe And Kent Aves,Jacob's Ladder Playground,2
Hopkinson Bet Dean & Pacific Streets,Saratoga Ballfields,12
"Woodruff, Ocean & Crooke Aves",Umma Park,45
President Street Bet Van Brunt & Columbia Streets,Mother Cabrini Park,26
Argyle And Cortelyou Rds,Lt. Federico Narvaez Tot Lot,42
"Osborn St, Watkins St, Riverdale",Nehemiah Park,5
"Christopher St, Sutter Av, Belmont Av",Carter G Woodson Childrens Park,23
"Wyona St, Vermont St, Fulton St, Jamaica Ave, Arln",Wyona Street Playground,18
E.94th St B/w E. New York Ave & Rutland Road,East Flatbush Children's Park,28
"Berry St, S. 9th St, S. 10th St",Epiphany Playground,72
"South Oxford St, Cumberland St, Atlantic Ave",South Oxford Park,105
Lewis Avenue & Willoughby Av,Lewis Playground,33
B. 14 ST & CORBIN PLACE,GREENSTREET,15
"Convent & Amsterdam Aves, W 135 St",Annunciation Park,25
STATE & SOUTH STS,The Battery,125
"Ft Washington Ave, W 183 St, Pinehurst Ave",Bennett Park,40
"62 ST, BET WEST & CENTER DRS",Heckscher Playground,20
67 ST & 5TH AVE,Billy Johnson Playground,11
72 ST & EAST GREEN,East 72nd St Playground,15
68 ST & CENTRAL PARK WEST,Adventure Playground,127
68 ST & CENTRAL PARK WEST,West 68th St Playground,121
"77 ST, W/O 5TH AVE",James Michael Levin Playground,17
79 ST & 5 AV,Pat Hoffman Friedman Playground,17
85 ST & 5TH AVE,Ancient Playground,14
"84 ST, W/O EAST DRIVE",Great Lawn Playground,1
81 ST & CENTRAL PK WEST,Diana Ross Playground,73
84 ST & CENTRAL PARK WEST,Mariner's Gate Playground,74
"86 ST, W/O WEST DRIVE",Spector Playground,29
"96 ST, W/O FIFTH AVE",East 96th St Playground,26
91 ST & CENTRAL PARK WEST,Safari Playground,13
93 ST & CENTRAL PARK WEST,Wild West Playground,12
97 ST & CENTRAL PARK WEST,Rudin Playground,9
100 ST & 5TH AVE,Bendheim Playground,25
100 ST & CENTRAL PARK WEST,West 100th St Playground,6
108 ST & FIFTH AVE,Bernard Playground,15
110 ST & CATHEDRAL PKWY,110th St Playground,33
110 ST & LENOX AVE,110th St & Lenox Ave Playground,19
"9 To 10 Aves, W 27 To W 28 Sts",Chelsea Park,367
W 152 ST & BRADHURST AVE,Playground One Fifty Two Clii,31
W 149 ST & BRADHURST AVE,Jackie Robinson Park,42
"Baxter, Mulberry, Bayard & Park Sts",Columbus Park,261
"Jackson, Cherry Sts, Fdr Drive",Corlears Hook Park,8
"Amsterdam Ave, W 151 To W 152 Sts",Carmansville Playground,39
"Cherry, Pike, Monroe Sts",Coleman Playground,118
"W 52 To W 54 Sts, 11 To 12 Aves",De Witt Clinton Park,545
"Downing To Carmine Sts, Ave Of Americas",Downing Street Playground,304
"W 162 ST, E/O RIVERSIDE DR",Lily Brown Playground,45
"W 165 ST, HENRY HUDSON PKY",Ft Washington,14
"M C PLAZA, FT WASHINGTON AVE",Jacob Javits Playground,17
BROADWAY & DYCKMAN ST,Anne Loftus Playground,50
"E Houston, Stanton, Sheriff, Pitt Sts",Hamilton Fish Park,84
W 167 ST & EDGECOMBE AVE,Sunken Playground,27
W 180 ST & AMSTERDAM AVE,Quisqueya Playground,40
W 189 ST &  AMSTERDAM AVE,Wallenberg Playground,24
W 173 ST BY POOL-MODULAR EQUIPMENT),Cpf Playground,30
"FT GEORGE, ST NICHOLAS AVES",Ft George Playground,33
W 164 ST & EDGECOMBE AVE,Adventure Playground,31
"Hudson, Leroy, Clarkson Sts, 7 Ave",James J Walker Park,200
"Hamilton Pl, W 140 To W 141 Sts",Hamilton Place Playground,64
PAYSON & DYCKMAN STS,Payson Playground,36
"SEAMAN AVE BET ISHAM, W 207 ST",Emerson Playground,81
W 214 ST & SEAMAN AVE,Indian Road Playground,73
"Fdr Drive, E 76 To E 78 Sts",John Jay Park,34
E 114 ST & PLEASANT,Thomas Jefferson Park,2
E 111 ST & 1 AVE,Thomas Jefferson Park,2
E 25 ST & MADISON AVE,Madison Square Park,134
W 123 ST & MORNINGSIDE AVE,Morningside Park,34
W 117 ST & MORNINGSIDE AVE,Morningside Playground,41
MORNINGSIDE AVE & 113 ST,Morningside Park,41
MORNINGSIDE DR &  110 ST,Morningside Park,57
E 122 ST & MADISON AVE,Mt. Morris East,18
5 AVE NR MADISON & 124 ST,Marcus Garvey Memorial Park,20
124 ST BTWN 5 AVE AND MT MORRIS PARK WEST,Marcus Garvey Memorial Park,19
"Ave C, Fdr Dr, E 17 St",Murphy Park,3
"Cherry, Montgomery & Gouverneur Sts",Lillian D Wald Playground,44
"Columbia, Delancey & Willett Sts",Luther Gulick Playground,71
"W 17 St, 8 To 9 Aves",Dr Gertrude B Kelly Playground,36
"Henry St, Market St, E Broadway",Loeb Playground,244
"Thompson St, Spring To Prince Sts",Vesuvio Playground,308
RIVERSIDE BOULEVARD BETW. W 67 & W 68 STS,Little Engine Playground,17
W 74 ST,Classic Playground,14
W 76ST & RIVERSIDE DR,Neufeld Playground,16
W 83 ST & RIVERSIDE DR,River Run Playground,20
W 91 ST & RIVERSIDE DR,Hippo Playground,15
W 97 ST & RIVERSIDE DR,Dinosaur Playground,24
101ST ST. NEXT TO HENRY HUDSON PARKWAY,101st St. Soccer Field,11
W 109TH ST & RIVERSIDE DR,Skate Park,23
W 124 ST & RIVERSIDE DR,Claremont,94
"W 105-106 ST, RIVERSIDE DR",Tot Lot One Hundred Five,87
"W110-111ST, RIVERSIDE DR",Tot Lot One Hundred And Ten,50
W 112-113 ST/RIVERSIDE DR,Tot Lot  One Hundred And Twelve,36
W116ST-117ST/RIVERSIDE DR,Tot Lot  One Hundred And Sixteen,29
"RIVERSIDE PARK, 119TH ST",Riverside Park,10
W 142 ST & RIVERSIDE DR,Riverbank Playground,40
W 148 ST & RIVERSIDE DRIVE,Palisades Playground,46
"1 To 2 Aves, E 35 To E 36 Sts",St Vartan Park,9
W 133 ST & ST NICHOLAS AVE,St Nicholas,11
W 140 ST & ST NICHOLAS AVE,Arlington Edinboro Playground,46
W 129 ST & ST NICHOLAS TERR,St Nicholas,13
"1 Ave, E 67 To E 68 Sts",St Catherine's Park,240
EAST 84 ST & EAST END AVE,Catbird Playground,21
"Canal, Hester, Essex, Jefferson Sts",Seward Park,211
"Riverside Dr, Claremont Ave To W 122 St",Sakura Park,106
EAST 9 ST & AVE A,Tompkins Square Park,289
E 7 ST - 8 ST & AVE B,Tompkins Square Park,291
"South of 16 Street Traverse, on the west side of the park",Union Square,106
WASHINGTON SQ N/EAST OF  5 AVE,Washington Square Park,182
W 173 ST & FT WASHINGTONA VE,J Hood Wright Park,48
E HOUSTON TO STANTON STS,Houston St Playground,283
STANTON ST,Stanton St Courts,324
RIVINGTON ST,Rivington St Playground,331
BET DELANCEY & GRAND STS,The Lion's Playground,370
BET GRAND & HESTER STS,Hester St Playground,371
WEST OF HELL GATE BRIDGE,Scylla Playground,0
"E 125 St, Fdr Drive, 1 Ave, (new Street)",Cuvillier Park,3
Fdr Drive & E 103 St,Playground 103 CIII,1
"Fdr Drive, E 60 To E 61 Sts & York Ave",Twenty Four Sycamores Park,8
"W 138 St, Lenox & 5 Aves",Mccray Playground,26
E 115 St Bet 3 & Lexington Aves,James Weldon Johnson Playground,22
E 12 St bet. Aves. A and B,Saucer Park,253
"Essex, Norfolk & Houston Sts",Essex Playground,248
"W Houston St, Ave Of Americas, Macdougal St",William F Passannante Ball Fld,281
"S/s W Houston St, Ave Of Americas",Playground Of The Americas,285
Rutgers & Henry Sts,Capt Jacob Joseph Playground,172
"Houston St, E 1 St, 1 Ave",First Park,238
"Minetta Lane, W 3 St & Ave Of Americas",Minetta Playground,288
"Ave Of Americas, W 3 & W 4 Sts",West 4th Street Courts,277
Madison St Opp Jefferson St,Little Flower Playground,93
"W 150 St, W/s 7 Ave",Bill 'bojangle' Robinson Playground,31
W 148 ST & HUDSON RIVER,Ten Mile River Playground,32
"Harlem River, W 151 To W 154 Sts",Harlem Lane Playground,25
E 11 ST & EAST RIVER DR,East River Park,5
"Lexington Ave, E 105 To E 106 Sts",White Playground,163
W 45 St Bet 9 & 10 Aves,May Matthews Playground,487
"5 Ave, W 130 To W 131 Sts",Courtney Callender Playground,25
"1 Ave, E 41 To E 42 Sts",Robert Moses Playground,248
"7 Ave, W 150 To W 151 Sts",Frederick Johnson Park,32
"Lenox Ave, W 139 To W 140 Sts",Samuel Playground,48
"W 43 St, 8 & 9 Aves",Mccaffrey Playground,783
"E 23 To E 25 Sts, Fdr Drive",Asser Levy Playground,6
"Rivington, Mangin Sts & Baruch Pl",Baruch Playground,8
"Clinton, Cherry & Water Sts",Cherry Clinton Playground,51
E 108 To E 109 Sts Bet Park & Madison Aves,Peter Minuit Park,158
"W 64 St, W/s Amsterdam Ave",Samuel N. Bennerson 2nd Playground,17
"W 145 To W 143 Sts, Lenox Ave, Harlem River Drive",Col Charles Young Playground,18
"2 Ave, E 96 To E 97 Sts",Marx Brothers Playground,127
"W 126 To W 129 Sts, Amsterdam Ave To Old Broadway",Sheltering Arms Park,34
"Fdr Drive, E 95 To E 97 St",Stanley Isaacs Court,4
S/e Corner 5 Ave & E 135 St,Lincoln Playground,20
"Catherine Slip, Madison & South Sts",Alfred E Smith Park,130
"Lewis, Delancey Sts",Sidney Hillman Playground,11
"Madison St, Catherine To Oliver Sts",Alfred E. Smith Playground,187
"Lenox Ave, W 113 To W 114 Sts",Martin Luther King Playground,48
W 204 St Bet 10 & Nagle Aves,Monsignor Kett Playground,26
"W 108 St, Columbus & Amsterdam Aves",Anibal Aviles Playground,129
"N/s W 108 St, Columbus & Amsterdam Aves",Booker T Washington Playground,72
E Houston St W/o Fdr Drive,Wald Playground,21
"N/s E 42 St, 1 To 2 Aves",Mary O'Connor Playground,256
"S/s E 42 St, 1 To 2 Aves",Tudor Grove Playground,254
"Madison Ave, E 130 & E 131 Sts",Moore Playground,21
"Morningside Ave, W 123 & W 124 Sts",Morningside Playground,31
"Cherry To Water Sts, W Catherine To Market Slips",Tanahey Playground,85
"Lexington Ave, E 128 & E 129 Sts",Harlem River Park,11
"Lexington Ave, E 129 To E 130 Sts",Harlem River Park,10
"E 127 St, 2 Ave & Harlem River Drive",Crack Is Wack Playground,6
W/s 7 Ave Bet W 127 & W 129 Sts,St Nicholas South Playground,26
"W/s 7 Ave, W 130 St",St Nicholas North Playground,25
"N/s E 104 St, Madison & Park Aves",Mae Grant Playground,158
E 102 To E 104 Sts & 2 Ave,Blake Hobbs Park,149
"99 To 100 Sts, 3 Ave",Washington Playground,30
"W 155 St, 8 Ave To Harlem River Drive",Holcombe Rucker Playground,25
"W 135 To W 136 Sts, Lenox To 5 Aves",Howard Bennett Playground,24
Spring & Mulberry Sts,Desalvio Playground,381
W 78 St & Amsterdam Ave,Tecumseh Playground,113
E/s Amsterdam Ave Bet W 100 & W 102 Sts,Frederick Douglass Playground,126
"N/s W 49 St, 9 & 10 Aves",Gutenberg Playground,487
"Thompson & Canal Sts, Ave Of Americas",Grand Canal Court,177
"Amsterdam Ave, W 136 St",Jacob Schiff Playground,37
N/s E 120 St Bet 1 & 2 Aves,Wagner Playground,9
"2 Ave, E 19 To E 20 Sts",Augustus Saint Gaudens,179
"E 20 To E 21 Sts, 1 To 2 Aves",Peter's Field,176
"Jackson, Madison, Henry Sts",Henry M Jackson Playground,41
W 97 St & Amsterdam Ave,Happy Warrior Playground,119
E 109 St Bet 2 & 3 Aves,Poor Richards Playground,144
W 70 St Bet West End & Amsterdam Aves,Playground 70,168
St Nicholas Ave & W 156 St,Orville & Wilbur Playground,37
"Broadway, Henry St, Gouverneur St",Sol Lain Playground,64
"Lexington Ave, E 95 To E 96 Sts",Samuel Seabury Playground,168
Hudson Bet Gansevoort & Horatio Sts,Corporal John A Seravalli Playground,76
"Amsterdam Ave, W 104 & W 105 Sts",Bloomingdale Playground,143
"E 117 To E 118 Sts, 1 To 2 Aves",Ps 155 Playground,8
"Audubon Ave, W 169 & W 170 Sts",Audubon Playground,69
N/s Rivington & Attorney Sts,Nathan Straus Playground,177
"Park Ave, E 120 To E 121 Sts",Eugene Mccabe Field,18
"Columbus Ave, W 91 To W 92 Sts, Central Park W",Sol Bloom Playground,45
"7 To 8 Aves, W 143 To W 144 Sts",Ps 194 Playground,45
"W 26, 8 To 9 Aves",Penn South Playground,7
"Hudson, Bleecker & W 11 Sts",Bleecker Playground,306
"E 48 To E 49 Sts, Gen Douglas Macarthur Plaza",Mcarthur Park,251
"W 22 St, 10 Ave",Clement Clarke Moore Park,19
"Fdr Drive, E 106 To E 107 Sts",East River Playground,1
"Ave A, E 3-e 4 Sts",Mckinley Playground,234
"E 26 To E 28 Sts, 2 Ave",Bellevue South Park,173
"S/s W 89 St, Amsterdam & Columbus Aves",Playground Eighty Nine Lxxxix,145
"N/s E 29 St, W/s 2 Ave",Vincent F Albano Jr Playground,203
"Szold Pl, E 10 St",Dry Dock Playground,41
"E/s 10 Ave, W 47 To W 48 St",Hells Kitchen Park,486
"RIVER TERR,  CHAMBERS STREET.",Rockefeller North Park Playground North,34
"RIVER TERR, WARREN STREET",Nelson Rockefeller Playground,30
"RIVER TERR, MURRAY STREET",Nelson Rockefeller Park Playground South,41
"Between Lexington & 3 Avenues, East 122 & 123 Streets",Dr. Ronald E. McNair Playground,21
"E 90 St, York Ave, Fdr Drive",DeKovats Playground,13
47th St Between 8th && 9th Aves,Ramon Aponte Park,519
E.101st St Bet. 3rd And Lexington Aves.,Scan Playground,161
Second Ave B/w E. 90 And E. 91 Sts,Ruppert Park,298
Mercer St Between Bleecker St And West 3rd St,Mercer Playground,287
W. 90th St B/w Broadway & Amsterdam Ave,St. Gregory's Park,144
W139th St Bet A. Clayton Powell Jr Blvd& Malcom X,Abyssinian Tot Lot,50
"W.186 St, Audubon, St. Nicholas Aves",West 186th St Basketball Court,61
G CENTRAL PKWY (UPPER AREA),Wild Flower Meadow,1
HORATIO PKWY & 50th Ave,Horatio Playground,0
NR SPRINGFIELD LOT/BALLFIELDS,Alley Pond Park: Near Ballfield,0
"WINCHESTER BLVD, UNION TPKE",Alley Athletic Playground,0
"Rene Ct, Grandview Av, Stanhope St, Fairview Av",Grover Cleveland Park,18
SHORE BLVD OPP 23 AVE,Charybdis Playground,3
SUTPHIN BLVD & 125 AVE,Sutphin Playground,10
LAKEVIEW LANE & 122 AVE,Lakeview Lane Playground,8
157 ST & 116 AVE,157th St Playground,5
119 AVE & 155 ST,Baisley Pond Park Q005-06,3
150 ST & 130 AVE,Baisley Park South,4
"29 AND 32 AVES, 158 TO 159 STS",Bowne Playground,0
BEACH  32  ST  &  DICKENS AVE,Bayswater Playground,1
BROOKVILLE BLVD & 143 AVE,Brookville Playground,0
"BROOKVILLE BLVD, 144 AVE &  CANEY RD.",Brookville Park,0
POPPENHUSEN AVE OPP 119 ST,Macneil Playground,32
"21 Ave, 124 St, 20 Ave, 123 St",Poppenhusen Playground,24
33 AVE & 214 PL,Buz O' Rourke Playground,8
"Whitney Ave, Judge St, 43 Ave",Veterans Grove,44
"30 Rd, 45 To 46 Sts",Astoria Heights Playground (jhs 10),112
"UNION TPKE, PARK LANE S, ADJ OVERLOOK",Sobelsohn Park,17
108 ST & MYRTLE AVE,Jackson Pond Playground,0
"MYRTLE AVE, WOODHAVEN BLVD",Greenhouse Playground,1
UNION TPKE & 71 DRIVE,Joseph Devoy Playground,29
80 ST & MYRTLE AVE,Dry Harbor Playground,3
"FREEDOM DR, PK LANE S, 102 ST",Giovannelli Playground,11
79 ST & PARK LANE SOUTH,Mary Whalen Playground,15
"46 Ave, 165 St, 164 St",Martins Field,0
JAMAICA AVE & ELTON ST,Lower Highland Playground,10
HEALTH PL & HIGHLAND BLVD,Upper Highland Playground,3
193RD ST AND RADNOR ROAD,Upper Playground,2
N/O G C PKWY OPP 193 ST,Redwood Playground,3
210 ST & 73 AVE,210th St Playground,0
"Mclauglin Ave W/o F Lewis Blvd,grand Central Pkwy",Mclaughlin Playground,0
"S/o L I Exwy, 210 & Oceania Sts",Seven Gables Playground,2
"37 Ave, Parsons Blvd","Weeping Beech, Margaret I Carmen Green",58
JAMAICA AVE & 153 ST,Rufus King Park,38
164 ST & LITHONIA,Playground,0
BOOTH MEMORIAL AVE & 160 ST,Four Winds Playground,1
ROSE & OAK AVES,Playground,0
"41 To 42 Aves, 103 St",Linden Park,38
120TH AVE & 238TH STREET,Laurelton Parkway West,1
"52 St, Woodside Ave, 39 Rd, 39 Dr, 54 St",Windmuller Playground,27
"Madison St, Fresh Pond Rd",Benninger Playground,43
"92 St, 56 Ave",Newtown Playground,33
"Greenpoint Ave, 43 St, 47 Ave, 42 St",Noonan Playground,99
"49 Ave, Vernon Blvd, 5 St",Andrews Playground,42
"Alstyne Ave, 102 St, Corona Ave",Josephine Caminiti Playground,15
34 AVE & VERNON BLVD,Rainey Park Playground,3
174 ST & 113 AVE,174 St Playground,6
85 AVE & 165 ST,Captain Tilly Playground,10
"88 To 89 Aves, 90 St, Woodhaven Blvd",Equity Park,30
"Hoyt Ave, 21 To 23 Sts",Triborough Bridge Playground B,17
"Hoyt Ave, 23 To 24 Sts",Triborough Bridge Playground C,19
"Hoyt Ave, 24 St To Crescent St",Triborough Bridge Playground D,24
"Hoyt Ave, Crescent St, 26 St",Triborough Bridge Playground E,24
"Hoyt Ave, 29 To 31 Sts",Hoyt Playground,22
"65 To 69 Sts, 37 Ave, Broadway",Hart Playground,47
Hollis Ave & Robard Lane,Wayanda Park,9
"30 Ave, 85 St, 25 Ave, 84 St",Gorman Playground,13
149 ST & 25 AVE,Leonardo Ingravallo Playground,0
"20 AVE, WHITESTONE EXWY",Harvey Playground,2
"N Conduit Ave, 134 St, 135 Ave, 130 Pl",Police Officer Edward Byrne Park,2
"BET 81-82 STS, N CONDUIT AVE",Addabbo Playground,3
"Southern Pkwy, 231 To 234 Sts",Mentone Playground,0
"N Conduit Ave, 120 To 122 Sts",Lefferts Playground,5
"Broadway, 78 To 79 Sts",Frank D O'connor Park,97
62ND DRIVE AND GRAND CENTRAL PKWY SERVICE RD.,World's Fair Playground,1
JEWEL AVE & VAN WYCK EXWY,Triassic Playground,0
W/S OF MEADOW LAKE & G C PKWY,Jurassic Playground,1
"COLLEGE PT BLVD, BOTANIC GDNS",Lawrence Playground,23
111 ST & SAULTELL & 56 AVES,Playground For All Children,3
PARK DR EAST & 73 TERRACE,Albert H. Mauro Playground,0
BEHIND TENNIS CENTER,Playground,93
ON PATH BETWEEN PASSARELLE BUILDING AND FOUNTAIN OF PLANETS (IN ZONE 14),Buzz Vollmer Playground,1
"68 Rd, 79 St, 69 Ave",Middle Village Playground,14
"80TH ST, JUNIPER BLVD S, 77TH PLACE, JUNIPER BLVD N, 78TH ST",Juniper North Playground Tennis,8
"72 ST, 74ST, JUNIPER BLVD SOUTH",Juniper South Playground,6
"33 Ave, 210 St, 32 Ave, Cpl Kennedy St",Raymond O'connor Park,0
"VERNON BLVD, 40 & 41 AVES",Vernon Playground,1
41ST RD AND 12TH ST (EAST OF VERNON BLVD),Queensbridge Baby Park,5
,VERNON PLAYGROUND,1
"Archer Ave, 138 Pl, 91 Ave, 138 St",Howard Von Dohlen Playground,23
"113 & Murdock Aves, 196 St",Daniel M O'connell Playground,3
147 AVE & 184 ST,Springfield Playground,0
"Brookville Blvd, S/o 136 Ave",Laurelton Playground,9
"Liberty Ave, 101 To 102 Sts",Police Officer Nicholas Demuti,19
"111 Ave, 134 & 135 Sts, Lincoln St",Frederick B Judge Playground,2
"179 Pl, N/o Jamaica Ave",Harvard Playground,28
"LIBERTY AVE, 172-173 STS",K.l. Williams Playground (tennis),16
"96 St, 34 Ave, Junction Blvd",Junction Playground,25
"14 St, 31 Ave",Astoria Health Center Playground,4
3 AVE & 147 ST,Francis Lewis Playground,2
"109 Ave, 157 St, 108 Ave, 155 St",Marconi Park,6
"88 To 89 Sts, Atlantic To 95 Aves",London Planetree Playground,39
125 ST & ATLANTIC AVE,"Phil ""scooter"" Rizzuto Park",23
"CENTER OF PK, L I E SVCE RD, 54 AVE BETWEEN 63 AND 61 STS",Virginia Principe Playground,1
225 St & 104 Ave,Pat Williams Playground,2
224 ST & 101 AVE,Hempstead Bench Stretch,2
Braddock Ave & 240 St,Breininger Park,13
224 STREET & 101 AVE,Playground,4
"14 Rd, 115 St, 14 Ave",115th Street Playground,0
"21 St, 45 Ave, 11 St, 45 Rd",Murray Playground,23
Boardwalk & Beach 59-60 Sts,Beach 59th Street Playground,0
"Boardwalk, Bet Beach 48 St & Beach 48 Way",Playground (undeveloped),0
Boardwalk Bet Beach 42-43 Sts,Playground,2
Boardwalk Bet Beach 39-42 Sts,Playground,1
Boardwalk Bet Beach 26-28 Sts,Playground (undeveloped),1
BEACH 17 ST & SEAGIRT BLVD,Beach 17th Street Playground,1
B 9 ST N OF BOARDWALK,Beach 9th Street Playground,0
B 109 ST & SHORE FRONT PKWY,Hockey Rink,6
B 84 ST & SHORE FRONT PKWY,Rockaway Playground - M,9
B 82 ST & SHORE FRONT PKWY,Rockaway Playground - N,8
SHOREFRONT PARKWAY AND BEACH 73 ST,Rockaway Beach Playground,0
"30 To 31 Aves & Boody St, Bklyn-queens Exwy",St Michaels Playground,6
"61 St, N/s Bklyn-queens Exwy",Big Bush Park,87
"63 St, 48 Ave, Bklyn-queens Exwy, 64 St","Nathan Weidenbaum Park, Little Bush Park",87
"Merrick Blvd, 120 Ave, Baisley Blvd",Nautilus Playground,4
Kissena Blvd & Maple Ave,Maple Playground,143
137 St & 77 Ave,Queens Valley Playground,8
"37 Ave, 28 St, 36 Ave, Crescent St",Dutch Kills Playground (ps 112),7
"Van Wyck Exwy, 106 Ave, 142 St, 104 Ave",Norelli-hargreaves Playground,8
"VAN WYCK EXWY, 116 AVE, 140 ST, 115 AVE",Dr Charles R Drew Memorial Park,1
"Van Wyck Exwy, Rockaway Blvd, 140 St, 120 Ave",Playground One-forty,21
MANTON ST & 83 AVE,Manton Playground,8
"73 Ave, 195 St & 196 Pl",Farm Playground/ps 26,0
"HALLETS COVE, VERNON BLVD",Hallets Cove Playground (area A),1
1 ST & E RIVER,Hallets Point Playground (area B),0
"Mott & Westbourne Aves, B 25 St",Westbourne Playground,1
"133 Ave, 101 To 103 Sts",John Adams Playground,11
"78 Ave, 74 To 75 Sts",Seventies Playground,6
"Central Ave, 70th And 71st Street",Glendale Playground,15
"Onderdonk & Willoughby Aves, Starr St",Starr Playground,12
201 To 202 Sts Bet 53 & 56 Aves,Saul Weprin Playground,1
"73 Ave, Jewel Ave, Utopia Pkwy",Utopia Playground,13
Steinway St & 35 Ave,Playground Thirty-five,31
"47 To 48 Sts, 20 Ave",Steinway Community Playground,2
146 ST & 56 RD,Playground 146,63
COLDEN ST & GERANIUM AVE,Silent Springs Playground,88
KISSENA BLVD & BOOTH MEM AVE,Captain Mario Fajardo Park,10
COLDEN & JUNIPER STS,Rachel Carson Playground,87
PECK AVE & 188 ST,Underhill Playground,16
"Horace Harding Blvd, Bishop Reilly Hs, Peck Ave",Holy Cow Playground,1
"109 Av & Brinkerhoff Ave, 160 & Union Hall Sts",Jamaica Playground (ps 40),4
"St. Felix & 75 Av, 60th St",Evergreen Park (ps 68),32
"34 Ave, 78 St, 77 St",Travers Park,20
Austin St Bet 76 Ave & 76 Dr,Ehrenreich-austin Playground,34
"65 Pl & 68 Ave, Catalpa Ave",Mafera Park,3
Alderton St From Dieterle To Elwell Crescents,The Painter's Playground,7
121 Ave & 237 St,Delphin Greene Playground,1
Sanford Ave From Union To Bowne Sts,Bowne Playground,123
74 Ave & 260 St,Tenney Park,8
Arverne Blvd & B 55 St,Arverne Playground,1
67 Ave & 173 St,Fresh Meadows Playground,7
"64 Ave, 218 & 219 Sts",Tall Oak Playground,32
"80 Ave, 261 & 262 Sts",Playground Eighty (lxxx),9
Yellowstone Blvd Bet 65 Rd & 65 Ave,Annadale Playground,11
"70 Rd To 71 Ave, 150 St To Kissena Blvd",Vleigh Playground,13
"29 To 30 Aves, 14 To 21 Sts",Ps 171 - Van Alst Playground,50
"89 Ave, 207 & 208 Sts",Bellaire Playground,12
"40 Rd, Prince & Main Sts",Bland Playground,186
Little Neck Pkwy & 72 Ave,Castlewood Playground,0
"85 Ave, 248 & 249 Sts",Bellerose Playground,7
"Kissena Blvd, 65 Ave",Pomonok Playground,15
"192 St, S/s 121 Ave",Locust Manor Playground,3
"20 Ave, 37 St, 38 St",Woodtree Playground,62
"35 Ave, 21 St, 34 Ave",Ravenswood Playground,3
"163 To 166 Sts, 21 Ave To 21 Rd",Playground Twenty-one,11
"68 Ave, Booth To Austin Sts",Russell Sage Playground,79
"Vleigh Pl, 141 St & Union Tpke",Vleigh Place Playground,7
Atlantic Ave Bet 104 & 106 Sts,Maurice A Fitzgerald Playground,6
"Little Neck Pkwy, 42 To 43 Aves",Admiral Park,29
"Francis Lewis Blvd, 120 Ave And 121 Ave",Cabbell Park,0
Skillman Ave & 43 St,Tornsey Playground,72
"W/s 164 St, S/o 65 Ave",Electric Playground,0
152 St Bet 11 & 12 Aves,Whitestone Playground,5
164 St Bet Jewel & 71 Aves,Emerald Playground,5
B 12 St & Redfern Ave,Redfern Playground,2
W/s 251 St Bet 61 & 63 Aves,Challenge Playground,1
Union St & 31 Rd,Cadwallader Colden Playground,94
Grand Central Pkwy Bet 71 & 72 Aves,Willow Lake Playground,14
"Bell Blvd, 75 Ave & 217 St",Telephone Playground,4
"Liberty Ave, 183 Pl, 104 Ave",Peters Field,7
"82 Ave, 256 To 257 Sts",Hillside Park,10
"Grassmere Terr, Brookhaven Ave, Briar Pl",Grassmere Playground,19
"75 Ave, 160 To 162 Sts",Playground Seventy-five,2
67 Ave & 230 St,Alley Park,0
"Horace Harding Exwy, 99 St, 62 Ave, 102 St",Real Good Park,3
"102 St, 62 Ave & Yellowstone Blvd",Handball Haven,5
138 St & Service Rd S/s Horace Harding Exwy,Turtle Playground,16
"S/s Hillside Ave, E/o 235 Ct",Gunn Park (ps 18),8
S/s Jamaica Ave Bet 202 & 204 Sts,Haggerty Park,7
"N/s Queens-midtown Exwy, 84 St To 57 Ave",Crowley Playground,5
"58 Ave Bet Brown Pl & 69st, S/s Queens Midtown Exp",Frontera Park,28
Hoffman Dr & Seabury St,Hoffman Playground,38
"Tunnel Plaza, 50 Ave, 11 St",Bridge And Tunnel Park,38
"Broadway, 45 Ave & 82 St",Cc Moore Homestead Park,107
Northern Blvd & 90 St,Playground Ninety Xc,155
Northern Blvd & 93 St,Northern Playground,18
46 Ave & 211 St,Marie Curie Park,32
"W/s 77 St, N/s 25 Ave",Bulova Park,20
B 83 St & Rockaway Beach Blvd,Hammel Playground,7
52 Ave Bet 248 St & Marathon Pkwy,Louis Pasteur Park,11
Vleigh Pl & Main St,Freedom Square,11
B 54 ST & ALMEDA AVE,Rockaway Community Playground,0
25 Ave Bet 98 & 100 Sts,East Elmhurst Playground,71
166 St Bet 16 Ave & 16 Rd,Willets Point Playground,5
Main St & Gravett Rd,Cedar Grove Playground,5
Yellowstone Blvd Bet 62 Ave & 62 Rd,Playground Sixty-two,4
101 Ave Bet 82 & 83 Sts,Ampere Playground,5
148 St & 85 Ave,Briarwood Playground,5
42 Ave At Francis Lewis Blvd,Francis Lewis Playground,15
Beach Channel Dr Bet B 56 & B 57 Sts,Cardozo Playground,1
"23 Ave-ditmars Blvd, Steinway St",Ditmars Park,46
"96 St, Centreville St & Albert Rd",Centerville Playground,5
Beach Channel Dr & Seaside Ave,Bayside Playground/jhs 180 Playground,2
Clintonville St Bet 17 Ave & 17 Rd,Clintonville Playground,6
Grand Central Pkwy Bet 164 Pl & 168 St,Joseph Austin Playground,1
Beach Channel Dr & B 49 St,Conch Playground,1
"20 Rd-20 Ave, 37-38 Sts",Steinway Playground (jhs 141),70
Springfield Blvd Bet Eastgate Plaza & 139 Ave,Montbellier Park,4
35 Ave Bet 171 & 172 Sts,Auburndale Playground,17
"Woodward Ave, Woodbine St, Fairview Ave, Madison S",Rosemary's Playground,58
Northeast Corner of 212th Street and 23rd Avenue,Bay Terrace Playground,4
E/s Springfield Blvd & 54 Ave,Oakland Gardens,9
Queens Blvd Bet 62 Ave & 62 Rd,Lost Battalion Hall,35
167 St & 109 Ave,Latimer Playground,14
"S/s Hammels Blvd, B 80-b 79 Sts, Beach Channel Dr",Beach Channel Playground,0
115 Rd Bet 218 & 219 Sts,East Springfield Playground,10
"204 St, Hollis Ave, 205 St, 111 Ave",Hollis Playground,9
"Springfield Blvd, 145 Rd, Arthur St",Springfield Park North Jhs 231,1
"B 8 St, Lanett Ave, B 9 St",Lannett Playground,0
155 Ave Bet 84 & 85 Sts,Harold Schneiderman Playground,7
NR GUY BREWER BLVD & 134 AVE,Rochdale Park (jhs 72),6
"N Conduit Ave, Arion Rd, 149 Ave",Rocket Park,9
37 Ave Bet 112 & 113 Sts,Louis Armstrong Playground,24
147 St Bet 26 & 27 Aves,Edward Hart T Playground,0
89 St & 160 Ave,Walter Ward Playground,5
St Marks Ave & B 109 St,Seaside Playground,6
"Fresh Pond Rd, 63 St, 59 Drive",Reiff Playground,20
YELLOWSTONE BLVD BET 68 AVE & 68 RD,Katzman Playground,27
Baisley Blvd & Bedell St,North Rochdale Playground,11
173 St & 137 Ave,South Rochdale Playground,1
62 Dr Bet 97 & 98 Sts,Horace Harding Playground,28
36 Ave Bet 9 & 10 Sts,Spirit Playground,3
"149 Rd, Weller Lane, 149 Ave, 253 St",Sunrise Playground,1
"51 Pl, 74 St, 51 Ave",Long Island Mews,1
"29 St, 30 St, 30 Ave, Newtown Ave",Athens Square,22
"Murray St, Barclay Ave, 156 St, Sanford Ave",Murray Hill Playground,39
W/s 98 St Bet Northern Blvd & 32 Ave,Tot Lot Park,25
"B 65 St, Beach Channel Dr",Almeda Playground,7
"38 St, 31 Av & Brwy Btwn 31 Av & Broadway",Sean's Place,79
136 ST & 14 RD,136 St Playground,0
"NEAR THE RECREATION BUILDING; OFF BAISLEY AVE",Playground,4
109 St Bet 46-47 Aves,Corona Golf Playground,21
Cross Bay Blvd Bet 196 & 197 Aves,Gene Gray Playground,4
"14th Ave, 121st St, College Pt Blvd",College Point Park,51
"Cross Bay Blvd, 100 Pl, E 18 Rd, 203 Ave",Broad Channel Park,1
"Lewis Ave,101 St, 102 St",Corona Mac Park,15
CLOVE RD & CHESHIRE PL,Clove Lakes Park Playground,5
CLOVE ROAD & FOREST AVE,Saturn Play Equipment,5
BILLOPS AVE AND SWINNERTON ST.,Conference House Park,0
"Richmond Terr To Kill Van Kull, Faber St",Faber Park,10
"High St, Lyman Ave, Bay & Summer Sts",White Playground,4
"Delafield Pl, Bard & Davis Aves",Walker Park,2
UNIVERSITY PL & REVERE ST,Silver Lake Park,9
"Beechwood Ave, Crescent & Cleveland Sts",Mahoney Playground,4
"Mill Rd, Weed Ave, Tysens Lane",Dugan Playground,1
Corner of Bartow Ave and Page Ave,Aesop Playground,3
RICHMOND AVE /ELTON/ NR BOATHSE,Willowbrook Park,6
BETWEEN PARK BUILDING AND POND,Wolfes Pond Park,0
"END OF CORNELIA AVE, OPP HOCKEY RINK",Wolfes Pond Park,0
Jewett & Castleton Aves,Levy Playground,9
"Forest Ave, Myrtle Ave",McDonald Playground,15
"Tompkins Ave, Chestnut St & Shaughnessy Lane",De Matti Playground,6
"Harbor Rd, Richmond Terrace",Mariners Harbor Playground,0
"Winter Ave, Bismark Ave",Liotti Ikefugi Playgound,24
"Lincoln, Mason, Midland, Boundary, Bedford Aves",Midland Playground,4
"Midland, Mason, Bedford Aves",Midland Field,4
"Virginia Ave, Anderson St",Kaltenmeir Playground,19
"WILD AVE, PEARSON ST",Schmul Park,6
CAPADONNO BLVD & SAND LANE,Playland,6
"BET MILLER FIELD, GREELY AVE",Midland Playground,2
"BET GRAHAM BLVD, JEFFERSON AVE",Midland Beach Playground,2
Harvest Davis To Lawrence Avenues,Ps 45 Playground,13
"Foster, Carlton, Burchard Aves",Carlton Park,0
"Tompkins Ave, Broad & Hill Sts",Stapleton Playground,12
"Sand Lane, Major & Mcfarland Aves",Arrochar Playground,7
"Parkinson Ave, Kramer St",Old Town Playground,15
"Schmidts Lane, Manor Rd & Laguardia Ave",Toad Hall Playground,13
INSIDE WILLOWBROOK PARK ADJ TO CAROUSEL FOR ALL CHILDREN,Adventure Station,6
WOODHULL AV & DRUMGOOLE RD EAST,Woodhull Playground,0
Dongan Hills Ave & Sirr,Macarthur Park,15
"Grandview Ave, Continental Pl",Grandview Playground,7
"Foote Ave, Howard Ave & Martha St",Terrace Playground,2
"Hillcrest Ave, N/o Highmount Rd",Great Kills Veterans Playground,18
"Adelaide Ave, Clawson Rd",Clawson Playground,0
"Targee St, Naples St",Naples Playground,5
"Willowbrook Pkwy, Forest Ave & Houston St",Markham Playground,25
"HYLAN BLVD, SHARROTT & SEGUINE AVES",Lemon Creek Park,1
"Hylan Blvd, Huguenot, Edith & Sycamore Aves",Prescott Playground,0
"Layton Ave, Bismark Ave",Davis Playground,7
"Mason, Buel, Dongan Hills Aves",Dongan Playground,5
"Redgrave, Greencroft Sts, Ainsworth & Durant Aves",Greencroft Playground,0
"Preston Ave, Koch Blvd, Arden Rd & Osborne St",Double Nickel Playground/ps 55,1
"Richmond Pkwy, Heenan, N Railroad Aves",Ida Court,0
"Elizabeth St,forest Ave,broadway,clove Lakes Pl",Prall Playground,13
"DRUMGOOLE RD, MAGUIRE AVE",Bloomingdale Park,0
"BROADWAY, WAYNE ST.",Cpl Thompson Park,8
"Joline Ave, Hylan Blvd",Tottenville Pool,1
"N/s Wall St, St Marks Pl & Belmont Pl",Lt Lia Playground,25
"Jules Dr, Elson Ct, Regis Dr",Jennifer's Playground,0
Arnold St & Prospect Av Bet Harvard Av & Clyde Pl,Skyline Playground,4
Targee Street & Oder Avenue,Luis R Lopez Park,6
"Sobel Ct, Vanderbilt Av, Oder Av",Sobel Court Park,11
W 181 ST & AQUEDUCT AVE,Aqueduct Lands Playground,25
MORTON PL & UNIVERSITY AVE,Morton Playground,42
"LYDIG AVE, BRONX PK E",Ben Abrams Playground,26
"BRONXDALE AVE, BRONX PK E",Brady Playground,22
"WARING AVE, BRONX PK E",Waring Playground,7
"EAST 180TH ST, BOSTON RD",River Park,22
"E 204 ST, W/S BRONX PARK",French Charley Playground,5
MOSHOLU PKWY/WEBSTER AVE/BOTANICAL SQUARE,Frisch Field In Bronx Park,12
BRONX RIVER PKWY & ROSEWOOD ST,Rosewood Playground,32
E 227 ST/BRONX RIVER PARKWAY,227st Playground,4
"E 219 ST, BX RIVER PKWY",Olinville Playground,18
"MORRISON AVE, WATSON AVE",Parque De Los Ninos,33
E 170 ST & TELLER AVE,Claremont Park,7
MT EDEN & MORRIS AVE,Claremont Park,7
"CROTONA AVE, CORTONA PK N",Crotona Playground (1),34
CROTONA N BET MARMION/PROSPECT,Prospect Park (2),12
CROTONA N BET WATERLOO/MARMION,Crotona Playground (3),10
CROTONA E BET WATERLOO/E 173,Crotona Playground (4),6
CROTONA PK E @ E 173 ST,Hill & Dale Playground,6
CROTONA E-SUBURBAN/CHARLOTTE,Boxcar Playground (6),5
CROTONA E-CLAREMONT/CHARLOTTE,Carter Playground (7),3
CROTONA E-CLAREMONT/PROSPECT,Martin Van Buren Playground,4
CROTONA S-CLINTON/PROSPECT,Clinton Playground,7
FULTON AVE BET ST PAUL/ E171,Playground Of The Stars,4
FULTON AVE E 172 ST/CLAREMONT,Crotona Playground (11),2
"FULTON AVE, E 173 - E 174 STS",Bathgate Playground,28
COR E TREMONT & ARTHUR AVES,Tremont Playground (1),44
COR E 175 ST & ARTHUR AVE,Tremont Playground (2),42
W 188 ST & UNIVERSITY AVE,Devoe Park,26
SEDGWICK AVE & FORDHAM AVE,Devoe Park,12
"E 165 St, Hall Pl, Rogers Pl",Horseshoe Playground,17
"LOWER LEVEL, E TREMONT AVE",Echo Park,31
"E 178 ST, UPPER LEVEL",Upper,37
"Sedgwick Ave, Stevenson Pl, Jerome Pk Reservoir",Fort Independence Playground,3
"Fulton Ave, Bet E 169 & E 170 Sts",Drew Playground,5
"Fulton To Franklin Aves, S/o E 167 St",Hines Park,63
"Aldus St, Bryant, Longfellow Aves, Bruckner Blvd",Lyons Square Playground,18
E 158TH ST & RUPPERT PLAZA,Macombs Dam Park,10
SUMMIT AVE & 161 STREET,Summit Playground,6
"E 161 St To E 162 St, Courtlandt Ave To Nycrr",Railroad Park,12
MOSHOLU PWY N/KOSSUTH AVE,Kossuth Playground,27
MOSHOLUE PWY N/KNOX PL GATES AV,Knox-gates Playground,17
E 164 ST & RIVER AVE,Mullaly Park (1),9
CROMWELL AVE & MCCLELLAN ST,Mullaly Playground (2),12
"STRONG ST, RESERVOIR AVE",Strong Street Playground,36
RESERVOIR AVE. & SEDGWICK,Fort #4 Playground,6
"BRUCKNER EXWY, BUHRE AVE",Playground For All Children,5
"BRUCKNER EXWY, WILKINSON AVE",Sweetgum Playground,8
ORCHARD BEACH  SECTION 6-7,Pelican Bay Playground,0
ON BEACHFRONT-SAND AREA (MPPA SECTION 11-12),Orchard Beach,2
"Grand Concourse, E Kingsbridge Rd, E 192 St",Poe Park,58
"Willis Ave, Bruckner Blvd, E 132 St, Willis Ave Br",Pulaski Park,12
E 193 ST & JEROME AVE,St James Park,66
JACKSON AVE & ST. MARYS ST,St Mary's Playground East,4
ST ANNS AVE & CRIMMINS AVE,St Mary's Playground South,11
ST ANNS AVE & E 147 ST,St Mary's Playground West,7
"233 ST, DEREIMER ST & BAYCHESTER AVE",High Rock Playground,1
"E 153 ST, WALTON AVE & GERARD AVE",Franz Sigel Park,110
"W 242 St, Spuyten Duyvil, Fieldston Rd",Brust Park,11
KAPPOCK ST & INDEPENDENCE AVE,Paul's Playground (lower),6
INDEPENDENCE & W 227 ST,Henry Hudson Park (upper),7
"Ryer Ave,valentine Ave & E 183 St",Slattery Playground,37
"E 164 St, Teasdale Pl, E/o Boston Rd",Charlton Garden,4
"Barker Ave, Britton St & Olinville Ave",Zimmerman Playground,28
Van Cortlandt Park South & Gouverneur Avenue,Classic Playground,3
"W 239 ST, VAN CORTLANDT EAST",Woodlawn Playground,19
W 240 ST & BROADWAY,Southwest Playground,23
"JEROME AVE, EAST GUNHILL RD",Sachkerah Woods Playground,22
"White Plains Rd, Unionport Rd, Mead St",Van Nest Park,24
"Arthur Ave, E 188 St, Hughes Ave",Ciccarone Park,51
"Brook Ave, St Anns Ave, E 141 St",People's Park,17
"RESERVOIR OVAL EAST, HOLT PL",P/g W/ Mini Pool & Courts,15
RESERVOIR OVAL WEST & 208 ST,Williamsbridge Oval,16
RESERVOIR OVAL WEST,Williamsbridge Oval,17
"E 146 St, Walton Ave, Grand Concourse",Garrison Playground,109
"E 181, E 182 Sts, Crotona & Belmont Aves",Belmont Playground,36
"Cedar Ave, W 179 St, Sedgwick Ave",Cedar Playground,27
"E 163 St, Cauldwell Ave, E 161 St, Eagle Ave",Cauldwell Playground,6
"Hunts Point Rd, Spofford Ave, Faile St",Hunts Point Playground,16
S/e Corner Macombs Pl & Gobel Rd,Goble Playground,27
"Morris To College Aves, E 166-e 167 Sts",Mott Playground,16
"Rev James Polite Ave, Intervale Ave bet. Home St and 167th St",Rev J Polite Pg & Stebbins Playground,12
LAFAYETTE AVE BET MORRISON & BOYNTON AVE,Soundview Park,4
METCALF & LAFAYETTE AVES,Soundview Park,0
"Bradford, Edison, La Salle, Waterbury Aves",Bufano Playground,13
Wilkinson & Mayflower Aves,Colucci Playground,2
"E 179 St, Noble & Bronx River Aves",Noble Playground,8
"Noble, Gleason, Rosedale, Watson Aves",Watson Gleason Playground,27
"E 135 St, Alexander & Willis Aves",Lozada Playground,16
"Bruckner Blvd, Cypress Ave, E 133 & E 134 Sts",Playground One Thirty-four,49
"White Plains Rd, E 226 St, Barnes Ave, E 225 St",Rienzi Playground,26
"E 157 St, 3 Ave, E 158 St, Brook Ave",Flynn Playground,13
Along Bronx R From Bruckner Blvd To Cross Bx Exwy,Starlight Park,21
Boone Ave & West Farms Rd,Daniel Boone Playground,10
"Edward L Grant Hwy, Plimpton Ave",Plimpton Playground,18
"Boscobel Pl, University Ave, W 171 St",Bridge Playground,16
"N/s Cross Bronx Exwy, Jerome Ave, E 174 St",Jenny  Jerome Playground,19
"Cross Bronx Exwy, Jerome Ave, E 174 St",Jerome Playground South,23
"N/s Cross Bronx Exwy, Clay & Topping Aves",Peace Park,24
"E 176 St, Crotona Ave, Prospect Ave",Admiral Farragut Playground,14
"Clinton Ave, E 176 St, Prospect Ave",Prospect Playground,20
"White Plains Rd, Mcgraw, Virginia Aves",Virginia Playground,49
"N/s Cross Bronx Exwy, Havemeyer, Watson Aves",Havemeyer Playground,22
"Major Deegan Exwy, Bailey, Sedgwick Aves",Fordham Landing Playground,7
"W 234 St, Bailey Ave, W 238 St",Bailey Playground,20
"Olmstead, Turnbull, Castle Hill, Lafayette Aves",P. O. Serrano Playground,14
"W 254 St, Riverdale & Mosholu Aves",Vinmont Veteran Park,16
W 169 ST & MERRIAM AVE,Merriam Playground  (upper),12
"MERRIAM & OGDEN AVES, W 168 ST, UNIVERSITY",Merriam Playground. (lower),16
"Courtlandt Ave, E 153-e 156 Sts",Mayaro Playground,24
"Morris Ave, E 148 St, College Ave, E 145 St",Patterson Playground,16
Adee & Tenbroeck Aves,Eastchester Playground,6
Mace Ave & Williamsbridge Rd,Mazzei Playground,11
"Undercliff Ave, Cross Bronx Exwy",Sedgwick Playground,11
"E 174 St, Bronx River Ave",174th St Playground,5
"St Raymond Ave, Purdy St, Odell St",Caserta Playground,42
"Holland Ave, Magenta St, Cruger Ave",Gun Hill Playground,25
"Arnow Ave, Olinville Ave",Parkside Playground,37
"Morris Park, Tomlinson, Van Nest & Haight Aves",Loreto Playground,20
"Dawson St, Rogers Pl, Rev. James A Polite",Dawson Playground,29
Schieffelin Ave & E 229 St,Edenwald Playground,5
"E 166 St, Union Ave, Tinton Ave",Basil Behagen Playground,11
"W 166 St, Nelson Ave, Wododycrest Ave",Nelson Playground,13
"E 215 St, Barnes Ave, E 216 St",Agnes Haywood Playground,27
Tratman & St Peters Aves,The Pearly Gates,31
"Douglas Ave, W 235 & W 236 Sts",Spuyten Duyvil Playground,3
"Allerton Ave, Stedman Pl, Bouck Ave, Throop Ave",Allerton Playground,5
"Park Ave, E 188 St, Webster Ave",Webster Playground,37
"Kingsbridge Rd, Bailey Ave, Heath Ave",Riverbend Playground,15
"Theriot Ave, Guerlain St, Taylor Ave",Taylor Playground,18
"Castle Hill Ave, Parker St",Castle Hill Playground,25
"Morris Park Ave, Muliner Ave, Matthews Ave",Matthews Muliner Playground,15
"Leggett Ave, Kelly St, Ave St John",Playground Fifty-two,23
N/s Of E 135 St Bet St Anns & Cypress Aves,Millbrook Playground,49
"Phillips Ave, E 177 St",Bruckner Playground/P.S. 183,12
"E 161 St, Trinity Ave, E 163 St, Cauldwell Ave",Dunbar Playground,4
"W 237 St, Independence Ave",Riverdale Playground,1
GUN HILL/EASTCHEST RDS/O'NEIL,Angelo Campanero Playground,11
"E 239 St, Matilda Ave",Wakefield Playground,21
"Fox St, E 167 St, Tiffany St",Tiffany Playground,40
"Crawford Ave, Baychester Ave",Stars & Stripes Playground,5
"Forest Ave, E 156 St",Captain Rivera Playground,63
N/s Bruckner Exwy At Close & Colgate Aves,Colgate Close,19
ELY & BURKE AVES,Haffen Park,0
"3 Ave, E 144 To E 145 Sts",Clark Playground,19
W 235 ST & DOUGLAS AVE,Seton Park,3
Marble Hill Ave Bet W 228 & W 230 Sts,Marble Hill Playground,70
"Randall Ave, Castle Hill Ave, Olmstead Ave",Randall Playground,7
"Thieriot Ave, Story Ave, Taylor Ave",Story Playground,15
"Pugsley Ave, Blackrock Ave, Watson Ave",Blackrock Playground,15
"E 168 St, Park Ave, Washington Ave",Morgan Playground,69
"E 149 St, Concord Ave, Jackson Ave",Pontiac Playground,57
"Pugsley, Haviland, Watson Aves",Haviland Playground,27
"E 153 St, Courtlandt Ave, E 151 St, Morris Ave",Governor Smith Playground,27
"E 165 St, Stebbins Ave, Roger Pl",Stebbins Park,18
"Rosewood & Magenta Sts, Olinville Ave",Magenta Playground,40
"Tinton Ave, E 156 St",Abigail Playground,71
"E 139 St, E 140 St, Willis & Alexander Aves",Willis Playground,14
"Park, Clay, Teller Aves, E 164 St",Arcilla Playground,11
"Lafayette, Bolton, Underhill Aves",Space Time Playground,8
"3 Ave, St Pauls Pl, Washington Ave",Gouverneur Playground,8
"W 238 St, Greystone Ave, W 242 St",Mclaughlin Playground,25
"E 147 St, Jackson Ave, E 144 St, St Marys Pk",I Am Park,53
"Mace, Lodovick & Gunther Aves",Burns Playground,3
"Union Ave, E 150 St, Tinton Ave & E 152 St",Fountain Of Youth Playground,64
"E 158 St, Eagle Ave, Cauldwell Ave, E 156 St",Grove Hill Playground,9
"E 139 & E 140 Sts, Brook & Willis Aves",Saw Mill Playground,17
"Home St, Boston Road, Jackson Ave",Youth Village,9
"E/s Grand Ave, S/o W 181 St",Grand Playground,40
"S/e Corner Fox St, E 156 St",Fox Playground,17
E/s City Island Avenue At Centre St,Ambrosini Field,11
E 177 St & Walton Ave,Mount Hope Playground,43
Anthony Ave & Prospect Pl,Cleopatra Playground,28
Bolton Ave Bet O'brien & Cornell Aves,Harding Park,2
Macombs Road And W 176 Street,Galileo Park Park,40
Vyse & Daly Aves Bet W 179-180 Streets,Vidalia Park,28
Creston And Burnside Aves.,Mt. Hope Garden,47
E. 183 St B/w Washington & Park,Washington Park,20
"Bathgate, Washington Aves, E. 175 St",Stop & Go Playground,46
"Billingsley Terr, Phelan Pl, Sedgwick Ave",Beanstalk Playground,31
"Ogden Av, Plimpton Av, W 170 St",Ogden Plimpton Playground,53
"E.181st St, Walton Ave,jerome Ave",Walton Park,40
"Morris Ave, E.181st St,creston Ave",Morris Garden,42
Nelson Avenue Bet Featherbed Lane And W174 Street,Half-nelson Playground,16
Claremont Parkway Bet Park And Washington Aves,Little Claremont Park,6
W 180st & Davidson Ave,Davidson Playground,38
"Park Ave, 183rd St, Webster Ave, 184 St",Thorpe Playground,17
Main and Plymouth streets,Brooklyn Bridge Park,37
"South of the Pavilion, on the north side of the 16th Street Traverse, from Union Square East to Union Square West",Union Square Park,588
E. 157th St & River Ave,River Avenue Playground,12
Between E 169 St. and E. 170 St. and between Sheridan Avenue and Grant Avenue,Grant Park,7
164th Street btwn. Walton Avenue & Grand Concourse,Joyce Kilmer Playground,11
Chambers St. between Greenwich St. and West St.,Washington Market Park,185
"West Street, between Kent Street & Greenpoint Avenue",Transmitter Park,30
"43 Snyder Ave, Brooklyn, NY 11226",PS 6K,52
"80 Underhill Avenue, Brooklyn, NY 11238",PS 9K,91
"180 Chauncey Street, Brooklyn, NY 11233",PS 21K,13
"75 Meserole Avenue, Brooklyn, NY 11222",PS 31K,92
"131 Norman Avenue, Brooklyn, NY 11222",PS 34K,85
"63-02 9th Avenue, Brooklyn, NY 11219",PS 69K,12
"31 New York Avenue, Brooklyn, NY 11216",PS 93K,54
"124 Monitor Street, Brooklyn, NY 11222",PS 110K,21
"East 92nd St. & Ave. M, Brooklyn, NY 11236",PS 115K,25
"330 Rugby Road, Brooklyn, NY 11226",PS 139K,43
"4211 14th Avenue, Brooklyn, NY 11219",PS 164K,3
"825 4th Avenue, Brooklyn, NY 11232",PS 172K,0
"590 Sheffield Avenue, Brooklyn, NY 11207",PS 190K,13
"4801 Avenue D, Brooklyn, NY 11203",PS 208K,12
"4812 9th Avenue, Brooklyn, NY 11220",IS 220K,8
"905 Winthrop Street, Brooklyn, NY 11203",IS 232K,34
"5909 Beverly Road, Brooklyn, NY 11203",IS 285K,14
"330 59 Street, Brooklyn, NY 11220",PS314/503K,294
"180 7th Avenue, Brooklyn, NY 11215",PS 321K,318
"330 Alabama Avenue, Brooklyn, NY 11207",PS 328K,14
"130 Rochester Avenue, Brooklyn, NY 11213",PS 335K,19
"104 Sutter Avenue, Brooklyn, NY 11212",IS 392K,21
"35 Snyder Avenue, Brooklyn , NY 11226",PS 369 Annex,53
"3703  10th Avenue, NYC, NY  10034",PS 5M,16
"4360 Broadway, NYC, NY 10033",PS 48M,73
"201 Warren Street, NYC, NY 10282",IS/PS 89M,100
"21 Jumel Place, NYC, NY 10032",IS 90M,37
"240 West 113th Street, NYC, NY 10026",PS 241M,63
"185 Wadsworth Avenue, NYC, NY 10033",PS 132M,66
"370 West 120 Street, NYC, NY 10035",PS 242M,9
"93 Nagle Avenue, NYC, NY 10040",PS 152M,42
"349 Cabrini Blvd., NYC, NY 10040",PS/IS 187M,17
"4124 9th Ave, NYC, NY 10034",PS 18M,9
"10-45 Nameoke Street, Queens, NY 11691",MS 53Q,16
"72-50 Grand Ave, Queens, NY 11378",PS 58Q,21
"91-02 88th Avenue, Queens, NY 11421",PS 60Q,29
"70-02 54th Avenue, Queens, NY 11378",IS 73Q,24
"2 Russell Place, Queens, NY 11375",PS 101Q,22
"101-33 124th Street, Queens, NY 11419",PS 161Q,37
"125-20 Sutphin Blvd., Queens, NY 11436",PS 223Q,9
"84-40 101st Street, Queens, NY 11418",PS 254Q,17
"555 Page Ave., Staten Island, NY 10307",PS 6R,3
"50 Jefferson Street, Staten Island, NY 10304",PS 11R,10
"1860 Forest Avenue, Staten Island, NY 10303",PS 22R,16
"4108 Victory Boulevard, Staten Island, NY 10314",PS 26R,7
"1581 Victory Boulevard, Staten Island, NY 10314",PS 29R,1
"32 Elverton Avenue,  Staten Island, NY 10308",PS 32R,1
"528 Academy Street, Staten Island, NY 10307",IS 34R,11
"255 Ionia Avenue, Staten Island, NY 10312",PS 36R,1
"80 Maple Parkway, Staten Island, NY 10303",PS 44R,1
"1060 Willowbrook Road, Staten Island, NY 10314",PS 54R,1
"250 Kramer Avenue, Staten Island, NY 10309",PS 56R,0
"77 Marsh Avenue, Staten Island, NY 10314",PS 58R,1
"55 Merrill Avenue, Staten Island, NY 10314",PS 60R,19
"144 Keating Place, Staten Island NY 10314",PS 69R,0
"455 Huguenot Ave., Staten Island, NY 10312",IS 75R,0
"15 Fairfield Street,Staten Island, NY10308",PS 37R,0
"2100 La Fontaine Avenue, Bronx, NY 10457",PS 3X,29
"2195 Andrews Avenue, Bronx, NY 10453",PS 15X,16
"1001 Jennings Street, Bronx, NY 10460",PS 66X,5
"2225 Webster Ave. Bronx, NY 10457",IS 391X,27
"1919 Prospect Avenue, Bronx, NY 10457",PS 211X,21
"2365 Waterbury Ave, Bronx, NY 10462",PS/IS 194X,17
"2100 Walton Avenue, Bronx, NY 10463",PS 279X,46
"40 West Tremont Ave., Bronx, NY 10458",PS 306X,56
"25 W. 195th Street, Bronx, NY 10468",PS 340X,36
"2280 Aqueduct Ave., Bronx, NY 10468",PS 246X,23
"655 Parkside Avenue, Brooklyn, NY 11226",IS 2K,27
"6015 18 Avenue,  Brooklyn, NY  11204",PS 48K,83
"700 Cortelyou Road, Brooklyn, NY 11218",IS 62K,33
"845 East 96th St, Brooklyn, NY  11236",PS/IS 66K,5
"5010 6th Avenue, Brooklyn, NY 11220",PS 94K,2
"1855 Stillwell Avenue, Brooklyn, NY 11223",PS 97K,14
"1120 East 10th Street, Brooklyn, NY 11230",PS 99K,24
"2360 Benson Avenue, Brooklyn, NY 11214",PS 101K,4
"211 72nd Street, Brooklyn, NY 11209",PS 102K,6
"9115 5th Avenue, Brooklyn, NY 11209",PS 104K,7
"7115 15th Avenue, Brooklyn, NY 11228",PS 112K,9
"3829 Avenue K, Brooklyn, NY 11210",PS 119K,10
"5301 20th Avenue, Brooklyn, NY 11204",PS 121K,7
"4305 Fort Hamilton Pkwy., Brooklyn, NY 11219",PS 131K,7
"725 East 23 Street, Brooklyn, NY 11210",PS 152K,15
"1970 Homecrest Avenue, Brooklyn, NY 11229",PS 153K,39
"330 Crown Street, Brooklyn, NY 11225",PS 161K,31
"1025 Eastern Parkway, Brooklyn, NY 11213",PS 167K,44
"1225 Bay Ridge Avenue, Brooklyn, NY",PS 176K,2
"5601 16th Avenue, Brooklyn, NY 11204",PS 180K,0
"1023 New York Avenue, Brooklyn, NY",PS 181K,37
"76 Riverdale Avenue, Brooklyn, NY  11212",PS 183K,22
"8601 Ridge Blvd., Brooklyn, NY 11209",PS 185K,240
"7601 19th Avenue, Brooklyn, NY 11214",PS 186K,1
"2515 Avenue L, Brooklyn, NY 11210",PS 193K,6
"1599 E 22 St,  Brooklyn, NY  11210",PS 197K,10
"4105 Farragut Road, Brooklun, NY 11210",PS 198K,10
"1100 Elm Avenue, Brooklyn, NY 11230",PS 199K,24
"5101 Avenue M, Brooklyn, NY  11234",PS 203K,14
"8101 15th Avenue, Brooklyn, NY 11228",PS 204K,0
"6701 20th Avenue, Brooklyn, NY 11204",PS 205K,102
"4011 Fillmore Avenue, Brooklyn, NY 11234",PS 207K,26
"2609 East 7th Street, Brooklyn, NY 11235",PS 209K,14
"188 Rochester Avenue, Brooklyn, NY 11213",IS 394K,28
"415 AVE S, Brooklyn, NY  11223",PS 215K,22
"1100 Newkirk Avenue, Brooklyn, NY 11230",PS 217K,37
"791 Empire Blvd., Brooklyn, NY 11213",PS 221K,25
"3301 Quentin Road, Brooklyn, NY 11234",PS 222K,10
"6006 23rd Avenue, Brooklyn, NY 11204",PS 226K,11
"6500 16th Avenue, Brooklyn, NY 11204",IS 227K,8
"1400 Benson Avenue, Brooklyn, NY 11228",PS  229K,42
"9301 Avenue B, Brooklyn, NY 11203",PS 233K,13
"1875 East 17th Street, Brooklyn, NY 11229",IS 234K,3
"525 Lenox Road, Brooklyn, NY 11203",PS 235K,14
"6302 Avenue U, Brooklyn, NY 11234",PS 236K,11
"1633 East 8th Street, Brooklyn, NY 11223",PS 238K,38
"1580 Dean St, Brooklyn, NY  11213",PS 243K,13
"5400 Tilden Avenue, Brooklyn, NY 11203",PS 244K,11
"7000 21st Avenue, Brooklyn, NY 11204",PS 247K,20
"18 Marlborough Road, Brooklyn, NY 11226",PS 249K,21
"1084 Lenox Road, Brooklyn, NY 11212",IS 252K,18
"1801 Avenue Y, Brooklyn, NY 11235",PS 254K,33
"231 Palmetto Street, Brooklyn, NY 11221",IS 291K,59
"88 Woodbine Street, Brooklyn, NY 11221",PS 299K,13
"46 McKeever Pl., Brooklyn, NY 11225",PS 375K,26
"194 Harmon Street, Brooklyn, NY 11237",PS 376K,58
"1300 Greene Avenue, Brooklyn, NY 11237",IS 383K,61
"242 Cooper Street, Brooklyn, NY 11207",PS 384K,13
"790 East New York Ave., Brooklyn, NY 11203",MS 587K,22
"60 East 94th Street, Brooklyn, NY 11212",PS 398K,31
"2707 Albermarle Road, Brooklyn, NY 11226",PS 399K,57
"1171 65th Street, Brooklyn 11219",IS 187K,5
220 West 121 Street,PS 76M,63
306 Fort Washington Ave,PS 173M,63
"4600 Broadway,  NYC, NY 10040",IS 218M,42
"350 Grand Street, NYC, NY 10002",Seward Park Educational Campus,282
"50-40 Jacobus Street, Queens, NY 11373",IS 5Q,3
"98-02 Roosevelt Avenue, Queens, NY 11368",PS 19Q,60
"141-11 Holly Avenue, Queens, NY 11355",PS 24Q,79
"34-65 192nd Street, Queens, NY 11358",IS 25Q,16
"91-37 222 Street, Queens, NY 11428",PS 33Q,5
"191-02 90th Avenue, Queens, NY 11423",PS 35Q,10
"187-01 Foch Blvd., Queens, NY 11412",PS 36Q,14
"126-28 150th Street, Queens, NY 11436",PS 45Q,10
"143-26 101st Avenue, Queens, NY 11435",PS 50Q,20
"87-45 117 Street, Queens, NY 11418",PS 51Q,33
"178-37 146 Terrace, Queens, NY 11434",PS 52Q,7
"98-50 50th Ave., Queens, NY",IS 61Q,14
"97-25 108 Street, Queens, NY 11419",PS 62Q,11
"85-11 102 Street, Queens, NY 11418",PS 66Q,16
"77-02 37 Avenue, Queens, NY",PS 69Q,67
"147-27 15th Drive, Queens, NY 11357",PS 79Q,35
"85-28 Britton Avenue, Queens, NY 11373",PS 89Q,90
"86-50 109 Street, Queens, NY 11418",PS 90Q,90
"68-10 Central Avenue, Queens, NY 11385",PS 91Q,20
"130-01 Rockaway Blvd., Queens, NY 11420",PS 96Q,21
"40-20 235 St, Queens, NY 11363",PS 98Q,1
"167-02 45th Avenue, Queens, NY 11358",PS 107Q,4
"108-10 109 Ave, Queens, NY 11420",PS 108Q,8
"87-21 79th Avenue, Queens, NY 11385",PS 113Q,9
"134-01 Cronston Avenue, Queens, NY 11694",PS 114Q,0
"107-25 Wren Place, Queens, NY 11433",PS 116Q,13
"85-15 143rd Street, Queens, NY 11435",PS 117Q,0
"126-10 109th Avenue, Queens, NY 11420",PS 121Q,0
"21-21 Ditmars Blvd., Queens, NY 11105",PS 122Q,8
"145-01 119th Avenue, Queens, NY 11436",PS 123Q,3
"129-15 150th Avenue, Queens, NY 11420",PS 124Q,2
"128-02 7th Avenue, Queens, NY 11356",PS 129Q,0
"172 Street & 84th Ave., Queens, NY 11432",PS 131Q,48
"93-06 63rd Drive, Queens, NY 11374",PS139Q,57
"93-02 69 Avenue, Queens, NY 11375",PS 144Q,16
"33-34 80th Street, Queens, NY 11372",IS 145Q,29
"98-01 159th Avenue, Queens, NY 11414",PS 146Q,2
"40-01 43 Ave, Queens,NY 11104",PS 150Q,65
"33-52 62nd Street, Queens, NY 11377",PS 152Q,17
"60-02 60 Lane, Queens, NY 11378",PS 153Q,27
"130-02 115th Avenue, Queens, NY 11420",PS 155Q,9
"205-01 33rd Avenue, Queens, NY 11361",PS 159Q,0
"109-59 Inwood Street, Queens, NY 11435",PS 160Q,7
"56-37 188 Street, Queens, NY  11367",PS 177Q,25
"39-20 48th Avenue, Queens, NY 11104",PS 199Q,30
"93-11 101 Avenue, Queens, NY 11416",IS 210Q,40
"88-15 182nd Street, Queens, NY 11423",IS 238Q,18
"69-26 65th Drive, Queens, NY 11369",PS 128Q,3
"97-02 175 Street, Queens, NY  11433",PS 268Q,22
"57-12 94 Street , Queens, NY  11373",PS 721Q,37
"976 Seneca Avenue, Queens, NY 11385",IS 77Q,48
"80 South Goff Avenue, Staten Island, NY 10309",PS 3R,6
"200 Nedra Place, Staten Island, NY",PS 4R,6
"168 Hooker Place, Staten Island, NY 10302",PS 21R,9
"200 Wardwell Ave., Staten Island, NY 10314",PS 30R,0
"216 Clawson Street, Staten Island, NY",PS 41R,23
"380 Genesse Avenue, Staten Island, NY 10312",IS 42R,0
"140 Palma Drive, Staten Island, NY 10304",PS 57R,6
"445 Castleton Avenue, Staten Island, NY 10301",IS 61R,6
"033 Ferndale Avenue, Staten Island, NY 10314",IS 72R,3
"3201 Kingsbridge Avenue, Bronx, NY 10463",PS 7X,66
"1070 Castle Hill Ave., Bronx, NY 10472",PS 36X,26
"2502 Lorillard Place, Bronx, NY 10458",IS 45X,122
"1794 E. 172nd Street, Bronx, NY 10472",PS 47X,43
"1425 Walton Ave., Bronx, NY 10452",PS 64X,27
"4011 Monticello Ave, Bronx, NY 10466",PS 68X,32
"730 Bryant Ave, Bronx, NY 10474",IS 201X/MS 424,14
"900 Adee Ave., Bronx, NY 10469",PS 76X,22
"1250 Ward Avenue, Bronx, NY 10472",PS 195X,49
"1400 Needham Ave., Bronx, NY 10469",PS 78X,14
"1935 Bussing Ave., Bronx, NY 10466",PS 87X,3
"2200 Aqueduct Ave., Bronx, NY 10453",PS  91X,25
"1535 Story Avenue, Bronx, NY",PS 93X,13
"1375 Mace Avenue, Bronx, NY 10469",PS 97X,9
"4125 Carpenter Avenue, Bronx, NY 10466",PS 103X,18
"725 Brady Ave., Bronx, NY 10462",PS 105X,29
"1166 Neill Ave., Bronx, NY 10461",PS 108X,18
"3740 Baychester Ave., Bronx,  NY 10466",PS 111X,6
"260 W. Kingsbridge Road, Bronx, NY 10463",PS 310X,18
"1025 Morrison Avenue, Bronx, NY 10472",IS 123X,31
"750 Prospect Avenue, Bronx, NY 10455",PS 130X,28
"2441 Wallace Avenue, Bronx, NY 10467",IS 135X,39
"2060 Lafayette Ave., Bronx, NY 10473",PS 138X,8
"968 Cauldwell Avenue, Bronx, NY 10456",PS 146X,5
"1031 59 St, Brooklyn, NY 11219",PS 105K,19
"109-15, 98th Street, Queens, NY 11417",MS 137Q,19
"2424 Jerome Ave., Bronx, NY 10468",PS 33X,50
"4305 7th Avenue, Brooklyn, NY 11232",PS 169K,2
"135-21 241 Street, Queens, NY 11422",PS 38Q,11
"50-05 31st Avenue, Queens, NY 11377",PS 151Q,4
"4715 18th Avenue, Brooklyn, NY 11204",PS 192K,8
"225 Cleveland Street, Staten Island, NY 10308",IS 24R,10
"2951 Dewey Avenue, Bronx, NY 10465",PS 72X,29
"750 Concourse Village, Bronx, NY 10451",PS 385X,8
"1220 Gerard Avenue, Bronx, NY 10452",IS 218X,66
"30 Netick Street, Staten Island, NY 10306",PS 23R,5
At the corner of Cleveland and Mansion Avenues,Seaside Wildlife Nature Park,14
Boardwalk between Beach 29th and Beach 30th Streets,Beach 30th Street Playground,1
Kent Ave. between N. 9 St. and N. 12 St.,Bushwick Inlet Park,33
GERRITSEN AVE & SEBA AVE,Seba Playground,0
120th Avenue and 238th Street,Laurelton West Playground,1
Pier 1 - at Old Fulton Street and Furman Street,Pier 1 Playground,15
Pier 5 - at Joralemon Street,Pier 5 Playground,12
Pier 6 - between Atlantic Avenue and Joralemon Street,Waterlab,12
Pier 6 - at Atlantic Avenue and Furman Street,Swing Valley,12
Pier 6 - between Atlantic Avenue and Joralemon Street,Sandbox Village,12
Pier 2,Pier 2 Swings,12
Pier 6 - between Atlantic Avenue and Joralemon Street,Marsh Garden,12
